Workbook

Sheet Test Results
A1: Spaceship Designer — Manual Test Results
A3: Tester | E3: How to fill in
A4: Test date | E4: Edit only the yellow cells: the run details above, Result and Tester comment.
A5: Browser & version | E5: Result: choose PASS or FAIL from the drop-down. Leave empty if the test was not run.
A6: App build / file date | E6: Example: Result = FAIL, comment = "Counter stays 0/25 after typing; Edge 129, Win 11. Steps: …"
E7: Test IDs match the markdown files in tests/manual (e.g. BLK-01 → 01-block-creation.md).
A9: ID | B9: Feature | C9: Given | D9: When | E9: Then (expected result) | F9: Result | G9: Tester comment
A10: BLK-01 | B10: Block creation | C10: Given the block form is empty | D10: When the tester looks at the form | E10: Then the counter under Block name shows 0/25
A11: BLK-02 | B11: Block creation | C11: Given the block form is empty | D11: When the tester looks at the form | E11: Then the preview next to the color square shows the current color, — as the name and the HEX code
A12: BLK-03 | B12: Block creation | C12: Given the block form is empty | D12: When the tester types "Hull" in Block name and picks a red color | E12: Then the preview updates immediately with the name "Hull", a red swatch and the matching HEX code
A13: BLK-04 | B13: Block creation | C13: Given the block form is empty | D13: When the tester tries to type a name longer than 25 characters | E13: Then the field stops accepting characters at 25 and the counter shows 25/25 in orange
A14: BLK-05 | B14: Block creation | C14: Given the block form is empty | D14: When the tester clicks Save with an empty name | E14: Then the message "Enter a block name." appears and no block is added to the palette
A15: BLK-06 | B15: Block creation | C15: Given the name "Heavy Armor" and a gray color are entered | D15: When the tester clicks Save | E15: Then the block appears in slot 01 with the name "Heavy Armor" and the gray swatch
A16: BLK-07 | B16: Block creation | C16: Given the name "Heavy Armor" and a gray color are entered | D16: When the tester clicks Save | E16: Then the form is cleared and slot 01 is selected (orange frame)
A17: BLK-08 | B17: Block creation | C17: Given the name "Heavy Armor" and a gray color are entered | D17: When the tester clicks Save | E17: Then the message "Block "Heavy Armor" added (slot 01, page 1)." appears
A18: BLK-09 | B18: Block creation | C18: Given a saved block is selected and already painted on a saved layer | D18: When the tester clicks Edit | E18: Then the block's name and color are loaded into the form, the slot shows ✎ and the button reads Cancel edit
A19: BLK-10 | B19: Block creation | C19: Given a saved block is selected and already painted on a saved layer | D19: When the tester clicks Edit, changes the color to blue and clicks Save | E19: Then the block in the same slot turns blue and every painted cell using it turns blue in the editor and the top view
A20: BLK-11 | B20: Block creation | C20: Given a saved block is selected and already painted on a saved layer | D20: When the tester clicks Edit and then Cancel edit | E20: Then the form is cleared, the ✎ mark disappears and the block is unchanged
A21: BLK-12 | B21: Block creation | C21: Given an empty palette slot is selected | D21: When the tester clicks Edit | E21: Then the message "Select a saved block in the palette to edit it." appears and the form stays empty
... A137: NTS-12 | B137: Layer notes | C137: Given layer 1 has blocks and a saved note, and layer 2 is in edit mode with an empty note (Bow → Stern) | D137: When the tester clicks Copy previous | E137: Then the blocks of layer 1 are copied but the notes field of layer 2 stays empty

Sheet Summary
A1: Test Summary
A2: Calculated automatically from the Test Results sheet.
A4: Feature | B4: Test file | C4: Tests | D4: PASS | E4: FAIL | F4: Not run | G4: Pass rate (of run)
A5: Block creation | B5: 01-block-creation.md | C5: =COUNTIF('Test Results'!$B$10:$B$137,A5) | D5: =COUNTIFS('Test Results'!$B$10:$B$137,A5,'Test Results'!$F$10:$F$137,"PASS") | E5: =COUNTIFS('Test Results'!$B$10:$B$137,A5,'Test Results'!$F$10:$F$137,"FAIL") | F5: =C5-D5-E5 | G5: =IF(D5+E5=0,"-",D5/(D5+E5))
A6: Block palette & library | B6: 02-palette-library.md | C6: =COUNTIF('Test Results'!$B$10:$B$137,A6) | D6: =COUNTIFS('Test Results'!$B$10:$B$137,A6,'Test Results'!$F$10:$F$137,"PASS") | E6: =COUNTIFS('Test Results'!$B$10:$B$137,A6,'Test Results'!$F$10:$F$137,"FAIL") | F6: =C6-D6-E6 | G6: =IF(D6+E6=0,"-",D6/(D6+E6))
A7: Palette save / load | B7: 03-palette-files.md | C7: =COUNTIF('Test Results'!$B$10:$B$137,A7) | D7: =COUNTIFS('Test Results'!$B$10:$B$137,A7,'Test Results'!$F$10:$F$137,"PASS") | E7: =COUNTIFS('Test Results'!$B$10:$B$137,A7,'Test Results'!$F$10:$F$137,"FAIL") | F7: =C7-D7-E7 | G7: =IF(D7+E7=0,"-",D7/(D7+E7))
A8: Tools & options | B8: 04-tools-options.md | C8: =COUNTIF('Test Results'!$B$10:$B$137,A8) | D8: =COUNTIFS('Test Results'!$B$10:$B$137,A8,'Test Results'!$F$10:$F$137,"PASS") | E8: =COUNTIFS('Test Results'!$B$10:$B$137,A8,'Test Results'!$F$10:$F$137,"FAIL") | F8: =C8-D8-E8 | G8: =IF(D8+E8=0,"-",D8/(D8+E8))
A9: Ship length | B9: 05-ship-length.md | C9: =COUNTIF('Test Results'!$B$10:$B$137,A9) | D9: =COUNTIFS('Test Results'!$B$10:$B$137,A9,'Test Results'!$F$10:$F$137,"PASS") | E9: =COUNTIFS('Test Results'!$B$10:$B$137,A9,'Test Results'!$F$10:$F$137,"FAIL") | F9: =C9-D9-E9 | G9: =IF(D9+E9=0,"-",D9/(D9+E9))
A10: Layer editor | B10: 06-layer-editor.md | C10: =COUNTIF('Test Results'!$B$10:$B$137,A10) | D10: =COUNTIFS('Test Results'!$B$10:$B$137,A10,'Test Results'!$F$10:$F$137,"PASS") | E10: =COUNTIFS('Test Results'!$B$10:$B$137,A10,'Test Results'!$F$10:$F$137,"FAIL") | F10: =C10-D10-E10 | G10: =IF(D10+E10=0,"-",D10/(D10+E10))
A11: Build direction & Copy previous | B11: 07-build-direction.md | C11: =COUNTIF('Test Results'!$B$10:$B$137,A11) | D11: =COUNTIFS('Test Results'!$B$10:$B$137,A11,'Test Results'!$F$10:$F$137,"PASS") | E11: =COUNTIFS('Test Results'!$B$10:$B$137,A11,'Test Results'!$F$10:$F$137,"FAIL") | F11: =C11-D11-E11 | G11: =IF(D11+E11=0,"-",D11/(D11+E11))
A12: Copy from layer dialog | B12: 08-copy-from-layer.md | C12: =COUNTIF('Test Results'!$B$10:$B$137,A12) | D12: =COUNTIFS('Test Results'!$B$10:$B$137,A12,'Test Results'!$F$10:$F$137,"PASS") | E12: =COUNTIFS('Test Results'!$B$10:$B$137,A12,'Test Results'!$F$10:$F$137,"FAIL") | F12: =C12-D12-E12 | G12: =IF(D12+E12=0,"-",D12/(D12+E12))
A13: Top view | B13: 09-top-view.md | C13: =COUNTIF('Test Results'!$B$10:$B$137,A13) | D13: =COUNTIFS('Test Results'!$B$10:$B$137,A13,'Test Results'!$F$10:$F$137,"PASS") | E13: =COUNTIFS('Test Results'!$B$10:$B$137,A13,'Test Results'!$F$10:$F$137,"FAIL") | F13: =C13-D13-E13 | G13: =IF(D13+E13=0,"-",D13/(D13+E13))
A14: Print to PDF | B14: 10-print-pdf.md | C14: =COUNTIF('Test Results'!$B$10:$B$137,A14) | D14: =COUNTIFS('Test Results'!$B$10:$B$137,A14,'Test Results'!$F$10:$F$137,"PASS") | E14: =COUNTIFS('Test Results'!$B$10:$B$137,A14,'Test Results'!$F$10:$F$137,"FAIL") | F14: =C14-D14-E14 | G14: =IF(D14+E14=0,"-",D14/(D14+E14))
A15: Project save / load | B15: 11-project-files.md | C15: =COUNTIF('Test Results'!$B$10:$B$137,A15) | D15: =COUNTIFS('Test Results'!$B$10:$B$137,A15,'Test Results'!$F$10:$F$137,"PASS") | E15: =COUNTIFS('Test Results'!$B$10:$B$137,A15,'Test Results'!$F$10:$F$137,"FAIL") | F15: =C15-D15-E15 | G15: =IF(D15+E15=0,"-",D15/(D15+E15))
A16: User guide pages | B16: 12-help-pages.md | C16: =COUNTIF('Test Results'!$B$10:$B$137,A16) | D16: =COUNTIFS('Test Results'!$B$10:$B$137,A16,'Test Results'!$F$10:$F$137,"PASS") | E16: =COUNTIFS('Test Results'!$B$10:$B$137,A16,'Test Results'!$F$10:$F$137,"FAIL") | F16: =C16-D16-E16 | G16: =IF(D16+E16=0,"-",D16/(D16+E16))
A17: Layer notes | B17: 13-layer-notes.md | C17: =COUNTIF('Test Results'!$B$10:$B$137,A17) | D17: =COUNTIFS('Test Results'!$B$10:$B$137,A17,'Test Results'!$F$10:$F$137,"PASS") | E17: =COUNTIFS('Test Results'!$B$10:$B$137,A17,'Test Results'!$F$10:$F$137,"FAIL") | F17: =C17-D17-E17 | G17: =IF(D17+E17=0,"-",D17/(D17+E17))
A18: TOTAL | C18: =SUM(C5:C17) | D18: =SUM(D5:D17) | E18: =SUM(E5:E17) | F18: =SUM(F5:F17) | G18: =IF(D18+E18=0,"-",D18/(D18+E18))
A20: Overall status | B20: =IF(E18>0,"FAILED",IF(F18>0,"IN PROGRESS","PASSED"))
A21: FAILED = at least one FAIL · IN PROGRESS = tests not run yet · PASSED = every test passed
